,weights,features
0,4.356677654344125,logPOP
1,-4.37644532337254,dPOP
2,0.5100977581845689,dHHS
3,-3.344385150464105,d1
4,-4.240682970182249,d2
5,8.008293898390535,d3
6,-8.526527487410743,d4
7,0.4492818552203329,d5
8,0.26743406824014615,d6+
9,3.251267697218583,0-29
10,-0.37418113433740785,30-59
11,4.639858296731469,60-89
