,weights,PCs,std_err
0,4.921385329917949,PCA0,1.203
1,-3.581440505138392,PCA2,2.774
2,11.765702145340754,PCA5,5.118
3,7.837779452703955,PCA8,9.597
