,weights,PCs,std_err
0,-4.579256486001937,PCA0,1.145
1,2.9885982940636517,PCA2,2.478
2,3.22824197093014,PCA3,2.998
3,-12.595770879824734,PCA7,5.311
